{"stats":{"minecraft:killed":{"minecraft:warden":1},"minecraft:custom":{"minecraft:mob_kills":19,"minecraft:interact_with_loom":1,"minecraft:interact_with_grindstone":2,"minecraft:leave_game":7,"minecraft:time_since_death":409869,"minecraft:time_since_rest":409869,"minecraft:sprint_one_cm":47473,"minecraft:damage_taken":70,"minecraft:walk_one_cm":268772,"minecraft:drop":4,"minecraft:damage_dealt":7329,"minecraft:interact_with_beacon":1,"minecraft:swim_one_cm":3918,"minecraft:fly_one_cm":3473357,"minecraft:open_chest":3,"minecraft:crouch_one_cm":24495,"minecraft:play_time":409869,"minecraft:sneak_time":26433,"minecraft:walk_under_water_one_cm":21744,"minecraft:jump":609,"minecraft:walk_on_water_one_cm":19338,"minecraft:total_world_time":409869,"minecraft:fall_one_cm":269},"minecraft:dropped":{"minecraft:stone_hoe":1,"minecraft:barrier":1,"minecraft:netherite_shovel":1,"minecraft:wooden_hoe":1},"minecraft:picked_up":{"artifacts:night_vision_goggles":1,"farmersdelight:rice":15,"minecraft:potato":20,"minecraft:wooden_hoe":1,"minecraft:lantern":1,"minecraft:large_fern":3,"minecraft:stone_hoe":1,"minecraft:netherite_shovel":2,"minecraft:spruce_sapling":1,"minecraft:spruce_log":15,"minecraft:pumpkin_seeds":24,"minecraft:spruce_button":1,"minecraft:bread":40},"minecraft:used":{"minecraft:azalea":2,"minecraft:moss_block":74,"minecraft:cherry_sapling":23,"minecraft:water_bucket":115,"minecraft:spruce_door":1,"minecraft:flint_and_steel":7,"framedblocks:framed_slab":173,"minecraft:spruce_slab":324,"minecraft:gray_carpet":3,"minecraft:oak_planks":134,"minecraft:cartography_table":3,"minecraft:andesite_slab":5,"framedblocks:framed_stairs":93,"minecraft:spruce_planks":263,"minecraft:stone":748,"minecraft:creeper_head":1,"framedblocks:framed_cube":2,"minecraft:fletching_table":6,"minecraft:beacon":1,"minecraft:wooden_shovel":19,"minecraft:cracked_stone_bricks":42,"minecraft:dirt":2,"minecraft:diamond_block":5,"minecraft:soul_sand":5,"minecraft:tnt":8,"minecraft:crafting_table":2,"minecraft:nether_bricks":1,"minecraft:spruce_stairs":47,"minecraft:yellow_concrete":16,"minecraft:stone_stairs":9,"minecraft:sponge":139,"minecraft:white_bed":3,"framedblocks:framed_centered_panel":25,"minecraft:stone_brick_wall":112,"minecraft:black_concrete_powder":37,"minecraft:spruce_fence":22,"minecraft:spruce_log":746,"minecraft:warden_spawn_egg":1,"minecraft:milk_bucket":2,"minecraft:shroomlight":18,"framedblocks:framed_pillar":127,"minecraft:small_dripleaf":11,"minecraft:big_dripleaf":20,"minecraft:andesite_wall":72,"minecraft:oak_log":306,"securitycraft:reinforced_diamond_block":18,"framedblocks:framed_threeway_corner_pillar":35,"minecraft:flowering_azalea":19,"minecraft:black_concrete":35,"minecraft:bookshelf":25,"minecraft:quartz_pillar":68,"minecraft:villager_spawn_egg":12,"minecraft:dark_oak_log":38,"minecraft:black_stained_glass_pane":17,"minecraft:light_gray_concrete":67,"minecraft:lantern":91,"minecraft:iron_block":9,"minecraft:grass_block":271,"minecraft:barrier":304,"minecraft:spruce_button":38,"minecraft:verdant_froglight":2,"minecraft:dark_oak_wood":99,"minecraft:stone_slab":7,"framedblocks:framed_panel":61,"minecraft:spruce_trapdoor":39,"minecraft:diamond_ore":1,"minecraft:raw_gold_block":39,"minecraft:barrel":6,"minecraft:stone_brick_stairs":93,"minecraft:stone_bricks":172,"minecraft:chiseled_stone_bricks":2,"framedblocks:framed_bars":32,"minecraft:birch_trapdoor":1,"minecraft:fire_coral_block":9,"minecraft:glowstone":210,"minecraft:magma_block":7,"minecraft:cobblestone":73,"minecraft:potion":14,"minecraft:emerald_block":7,"securitycraft:reinforced_gold_block":7,"minecraft:grindstone":6,"minecraft:smithing_table":2,"minecraft:podzol":46,"torchmaster:megatorch":59,"minecraft:andesite_stairs":9,"minecraft:andesite":51,"minecraft:chain":57,"minecraft:horn_coral_block":5,"minecraft:gold_block":79,"minecraft:skeleton_skull":2,"minecraft:sea_pickle":18,"minecraft:pearlescent_froglight":38,"minecraft:white_concrete":12,"minecraft:kelp":16,"framedblocks:framed_lattice_block":2,"framedblocks:framed_trapdoor":15,"minecraft:bone_meal":399,"minecraft:brown_bed":2}},"DataVersion":3465}