{"stats":{"minecraft:custom":{"minecraft:jump":24,"minecraft:time_since_rest":13427,"minecraft:leave_game":1,"minecraft:damage_dealt":106,"minecraft:crouch_one_cm":601,"minecraft:sprint_one_cm":1896,"minecraft:play_time":13427,"minecraft:damage_taken":120,"minecraft:time_since_death":13427,"minecraft:walk_one_cm":20730,"minecraft:sneak_time":155,"minecraft:total_world_time":13427,"minecraft:fall_one_cm":836,"minecraft:fly_one_cm":4337},"minecraft:used":{"alexsmobs:animal_dictionary":3}},"DataVersion":3465}