{"stats":{"minecraft:killed_by":{"minecraft:player":1},"minecraft:custom":{"minecraft:jump":42,"minecraft:time_since_rest":283,"minecraft:deaths":1,"minecraft:crouch_one_cm":128,"minecraft:damage_dealt":101,"minecraft:damage_taken":250,"minecraft:sprint_one_cm":7668,"minecraft:play_time":7626,"minecraft:walk_on_water_one_cm":5742,"minecraft:time_since_death":253,"minecraft:walk_one_cm":6448,"minecraft:sneak_time":89,"minecraft:total_world_time":7626,"minecraft:walk_under_water_one_cm":2285,"minecraft:swim_one_cm":8446,"minecraft:fall_one_cm":743,"minecraft:fly_one_cm":5080},"minecraft:used":{"alexsmobs:animal_dictionary":2}},"DataVersion":3465}