{"stats":{"minecraft:killed_by":{"minecraft:player":1},"minecraft:custom":{"minecraft:jump":42,"minecraft:leave_game":1,"minecraft:time_since_rest":1074,"minecraft:deaths":1,"minecraft:crouch_one_cm":664,"minecraft:damage_dealt":111,"minecraft:damage_taken":250,"minecraft:sprint_one_cm":8125,"minecraft:play_time":8417,"minecraft:walk_on_water_one_cm":5742,"minecraft:time_since_death":1044,"minecraft:walk_one_cm":8056,"minecraft:sneak_time":180,"minecraft:total_world_time":8417,"minecraft:walk_under_water_one_cm":2285,"minecraft:swim_one_cm":8446,"minecraft:fall_one_cm":1010,"minecraft:fly_one_cm":6504},"minecraft:used":{"alexsmobs:animal_dictionary":2}},"DataVersion":3465}