{"stats":{"minecraft:killed_by":{"artifacts:mimic":1},"minecraft:dropped":{"minecraft:spruce_button":1},"minecraft:mined":{"minecraft:spruce_planks":1},"minecraft:used":{"minecraft:polished_andesite_slab":2,"minecraft:barrier":10,"alexsmobs:animal_dictionary":1},"minecraft:picked_up":{"minecraft:barrier":1,"minecraft:bone":1,"minecraft:arrow":2,"minecraft:glow_ink_sac":7,"minecraft:tropical_fish":3,"minecraft:wheat_seeds":1,"alexsmobs:cockroach_wing_fragment":1,"minecraft:spruce_planks":1,"minecraft:pink_tulip":3,"minecraft:ink_sac":3,"minecraft:cod":1,"alexsmobs:gazelle_horn":1,"minecraft:white_wool":1,"minecraft:oxeye_daisy":1},"minecraft:custom":{"minecraft:time_since_rest":17785,"minecraft:damage_taken":54689,"minecraft:crouch_one_cm":39,"minecraft:play_time":129788,"minecraft:sprint_one_cm":11071,"minecraft:walk_one_cm":36480,"minecraft:deaths":8,"minecraft:sneak_time":241,"minecraft:walk_under_water_one_cm":17883,"minecraft:drop":1,"minecraft:jump":123,"minecraft:damage_dealt":22,"minecraft:leave_game":24,"minecraft:time_since_death":17590,"minecraft:walk_on_water_one_cm":3810,"minecraft:total_world_time":129788,"minecraft:fall_one_cm":498522,"minecraft:fly_one_cm":151636}},"DataVersion":3465}