{"stats":{"minecraft:used":{"minecraft:polished_andesite_slab":2,"minecraft:barrier":10,"alexsmobs:animal_dictionary":1},"minecraft:custom":{"minecraft:jump":97,"minecraft:time_since_rest":9485,"minecraft:damage_dealt":20,"minecraft:damage_taken":5599,"minecraft:leave_game":20,"minecraft:time_since_death":9412,"minecraft:play_time":90432,"minecraft:sprint_one_cm":9968,"minecraft:walk_one_cm":28871,"minecraft:walk_on_water_one_cm":3740,"minecraft:deaths":5,"minecraft:sneak_time":64,"minecraft:total_world_time":90432,"minecraft:walk_under_water_one_cm":17883,"minecraft:fall_one_cm":11266,"minecraft:drop":1,"minecraft:fly_one_cm":72261},"minecraft:dropped":{"minecraft:spruce_button":1},"minecraft:picked_up":{"minecraft:barrier":1}},"DataVersion":3465}