{"stats":{"minecraft:custom":{"minecraft:jump":65,"minecraft:time_since_rest":5496,"minecraft:damage_taken":20,"minecraft:damage_dealt":20,"minecraft:crouch_one_cm":379,"minecraft:sprint_one_cm":6046,"minecraft:play_time":5496,"minecraft:walk_on_water_one_cm":227,"minecraft:time_since_death":5496,"minecraft:walk_one_cm":9040,"minecraft:sneak_time":117,"minecraft:total_world_time":5496,"minecraft:fall_one_cm":801,"minecraft:fly_one_cm":13638},"minecraft:used":{"alexsmobs:animal_dictionary":2}},"DataVersion":3465}