{"stats":{"minecraft:custom":{"minecraft:jump":167,"minecraft:time_since_rest":18342,"minecraft:damage_dealt":60,"minecraft:damage_taken":86,"minecraft:crouch_one_cm":2331,"minecraft:leave_game":2,"minecraft:play_time":18342,"minecraft:sprint_one_cm":15648,"minecraft:time_since_death":18342,"minecraft:walk_on_water_one_cm":227,"minecraft:walk_one_cm":38130,"minecraft:sneak_time":1125,"minecraft:total_world_time":18342,"minecraft:fall_one_cm":2171,"minecraft:fly_one_cm":23617},"minecraft:used":{"alexsmobs:animal_dictionary":3}},"DataVersion":3465}