{"stats":{"minecraft:custom":{"minecraft:jump":162,"minecraft:time_since_rest":17496,"minecraft:damage_taken":76,"minecraft:damage_dealt":60,"minecraft:crouch_one_cm":1609,"minecraft:sprint_one_cm":14598,"minecraft:play_time":17496,"minecraft:walk_on_water_one_cm":227,"minecraft:time_since_death":17496,"minecraft:walk_one_cm":33812,"minecraft:sneak_time":1015,"minecraft:total_world_time":17496,"minecraft:fall_one_cm":2171,"minecraft:fly_one_cm":22374},"minecraft:used":{"alexsmobs:animal_dictionary":3}},"DataVersion":3465}