{"stats":{"minecraft:custom":{"minecraft:jump":92,"minecraft:time_since_rest":9287,"minecraft:damage_dealt":65,"minecraft:crouch_one_cm":406,"minecraft:sprint_one_cm":13741,"minecraft:play_time":9287,"minecraft:damage_taken":40,"minecraft:time_since_death":9287,"minecraft:walk_one_cm":21723,"minecraft:sneak_time":163,"minecraft:total_world_time":9287,"minecraft:fall_one_cm":3102,"minecraft:fly_one_cm":20407},"minecraft:used":{"minecraft:pink_petals":3},"minecraft:picked_up":{"minecraft:pink_petals":3},"minecraft:mined":{"minecraft:pink_petals":1}},"DataVersion":3465}