{"stats":{"minecraft:custom":{"minecraft:jump":101,"minecraft:time_since_rest":10078,"minecraft:leave_game":1,"minecraft:damage_dealt":65,"minecraft:crouch_one_cm":623,"minecraft:sprint_one_cm":15145,"minecraft:play_time":10078,"minecraft:damage_taken":50,"minecraft:time_since_death":10078,"minecraft:walk_one_cm":23820,"minecraft:sneak_time":222,"minecraft:total_world_time":10078,"minecraft:fall_one_cm":4080,"minecraft:fly_one_cm":24595},"minecraft:used":{"minecraft:pink_petals":3},"minecraft:picked_up":{"minecraft:pink_petals":3},"minecraft:mined":{"minecraft:pink_petals":1}},"DataVersion":3465}