{"stats":{"minecraft:killed_by":{"artifacts:mimic":1},"minecraft:custom":{"minecraft:mob_kills":1,"minecraft:interact_with_crafting_table":1,"minecraft:leave_game":15,"minecraft:time_since_death":95561,"minecraft:climb_one_cm":921,"minecraft:time_since_rest":95649,"minecraft:sprint_one_cm":139327,"minecraft:damage_taken":1905,"minecraft:walk_one_cm":722002,"minecraft:drop":7,"minecraft:damage_dealt":1995,"minecraft:swim_one_cm":29958,"minecraft:talked_to_villager":2,"minecraft:fly_one_cm":5063381,"minecraft:open_chest":6,"minecraft:crouch_one_cm":16020,"minecraft:play_time":735219,"minecraft:deaths":5,"minecraft:sneak_time":24968,"minecraft:walk_under_water_one_cm":46816,"minecraft:jump":1299,"minecraft:walk_on_water_one_cm":30099,"minecraft:total_world_time":735219,"minecraft:fall_one_cm":19944},"minecraft:used":{"minecraft:water_bucket":66,"minecraft:dirt_path":2,"framedblocks:framed_slope":74,"framedblocks:framed_slab":32,"minecraft:spruce_slab":7,"minecraft:oak_planks":92,"minecraft:andesite_slab":6,"framedblocks:framed_stairs":16,"minecraft:chest":3,"minecraft:spruce_planks":231,"minecraft:stone":2277,"minecraft:beacon":1,"minecraft:wooden_shovel":1,"minecraft:cracked_stone_bricks":10,"minecraft:diamond_block":10,"minecraft:dirt":153,"minecraft:sand":3,"minecraft:crafting_table":1,"minecraft:spruce_stairs":44,"minecraft:yellow_concrete":6,"minecraft:stone_brick_wall":2,"minecraft:spruce_fence":6,"easy_npc:humanoid_spawn_egg":2,"minecraft:spruce_log":240,"minecraft:oak_fence_gate":1,"minecraft:milk_bucket":1,"securitycraft:reinforced_diamond_block":2,"minecraft:stone_brick_slab":1,"easy_npc:allay_spawn_egg":2,"minecraft:sea_lantern":30,"framedblocks:framed_threeway_corner_pillar":5,"minecraft:black_concrete":1,"minecraft:netherite_shovel":2,"minecraft:black_stained_glass_pane":2,"minecraft:lantern":4,"minecraft:iron_block":40,"minecraft:grass_block":1007,"minecraft:spruce_button":50,"minecraft:stone_button":4,"minecraft:barrier":174,"minecraft:quartz_block":6,"minecraft:netherite_hoe":1,"minecraft:dark_oak_wood":431,"minecraft:stone_slab":6,"minecraft:spruce_trapdoor":5,"minecraft:stone_brick_stairs":1,"minecraft:stone_bricks":239,"minecraft:pink_petals":387,"minecraft:chiseled_stone_bricks":4,"minecraft:glowstone":77,"minecraft:cobblestone":60,"minecraft:emerald_block":3,"securitycraft:reinforced_gold_block":21,"minecraft:podzol":83,"minecraft:andesite_stairs":15,"minecraft:andesite":14,"torchmaster:megatorch":3,"minecraft:gold_block":41,"minecraft:smooth_stone_slab":80,"minecraft:coarse_dirt":6,"minecraft:enchanted_golden_apple":1,"framedblocks:framed_sliced_stairs_panel":5,"minecraft:bone_meal":5,"minecraft:splash_potion":56},"minecraft:picked_up":{"minecraft:pink_petals":1,"minecraft:barrier":1,"minecraft:feather":1,"farmersdelight:rice":10,"minecraft:potato":88,"minecraft:wooden_hoe":2,"minecraft:dirt":12,"minecraft:lantern":40,"brewery:hops_seeds":33,"minecraft:red_carpet":4,"minecraft:kelp":2,"minecraft:wheat_seeds":51,"minecraft:azalea":1,"minecraft:oak_planks":6,"farmersdelight:cabbage_seeds":60,"minecraft:scaffolding":5,"minecraft:stick":1,"minecraft:sweet_berries":44,"minecraft:netherite_shovel":1,"minecraft:sand":3,"minecraft:stone_button":5,"minecraft:white_bed":9,"minecraft:spruce_log":93,"minecraft:spruce_door":10,"minecraft:pumpkin_seeds":54,"some_assembly_required:sandwich":40,"minecraft:spruce_button":1,"minecraft:bread":36,"minecraft:emerald":11,"minecraft:mutton":3,"minecraft:oxeye_daisy":1},"minecraft:killed":{"alexsmobs:flying_fish":1},"minecraft:dropped":{"minecraft:barrier":1,"minecraft:netherite_shovel":1,"artifacts:night_vision_goggles":1,"minecraft:wooden_hoe":2,"minecraft:wooden_shovel":1,"minecraft:pink_petals":1},"minecraft:mined":{"minecraft:kelp_plant":3,"minecraft:grass_block":2,"minecraft:dirt":10,"minecraft:sand":3}},"DataVersion":3465}