{"stats":{"minecraft:custom":{"minecraft:jump":30,"minecraft:time_since_rest":1923,"minecraft:damage_dealt":130,"minecraft:crouch_one_cm":31,"minecraft:damage_taken":75,"minecraft:sprint_one_cm":2522,"minecraft:play_time":1923,"minecraft:walk_on_water_one_cm":351,"minecraft:time_since_death":1923,"minecraft:walk_one_cm":4612,"minecraft:sneak_time":7,"minecraft:total_world_time":1923,"minecraft:fall_one_cm":615,"minecraft:player_kills":1,"minecraft:fly_one_cm":2551,"minecraft:drop":1},"minecraft:picked_up":{"alexsmobs:animal_dictionary":1,"minecraft:dirt":1},"minecraft:mined":{"minecraft:dirt":1},"minecraft:dropped":{"alexsmobs:animal_dictionary":1}},"DataVersion":3465}