{"stats":{"minecraft:custom":{"minecraft:jump":57,"minecraft:time_since_rest":2723,"minecraft:leave_game":1,"minecraft:damage_dealt":140,"minecraft:crouch_one_cm":304,"minecraft:damage_taken":75,"minecraft:sprint_one_cm":6190,"minecraft:play_time":2723,"minecraft:walk_on_water_one_cm":351,"minecraft:time_since_death":2723,"minecraft:walk_one_cm":11309,"minecraft:sneak_time":91,"minecraft:total_world_time":2723,"minecraft:fall_one_cm":824,"minecraft:player_kills":1,"minecraft:fly_one_cm":4074,"minecraft:drop":1},"minecraft:picked_up":{"alexsmobs:animal_dictionary":1,"minecraft:dirt":1},"minecraft:mined":{"minecraft:dirt":1},"minecraft:dropped":{"alexsmobs:animal_dictionary":1}},"DataVersion":3465}